id,name,icon,bannerImg,parent_id,depth
st002,书柜和置物架,https://www.ikea.cn/cn/zh/images/products/baggebo-ba-ge-bu-shu-jia-bai-se__0981552_pe815388_s3.jpg,https://www.ikea.cn/global/assets/navigation/images/bookcases-shelving-units-st002.jpeg,st001,2
46052,储物收纳方案,https://www.ikea.cn/cn/zh/images/products/elvarli-ai-er-wa-li-chang-kai-shi-chu-wu-zu-he-bai-se__0440392_pe592436_s3.jpg,https://www.ikea.cn/global/assets/navigation/images/storage-solution-systems-46052.jpeg,st001,2
st003,橱柜和展示柜,https://www.ikea.cn/cn/zh/images/products/baggebo-ba-ge-bu-bo-li-men-chu-ju-jin-shu-bai-se__0981557_pe815393_s3.jpg,https://www.ikea.cn/global/assets/navigation/images/cabinets-cupboards-st003.jpeg,st001,2
10475,电视和多媒体家具,https://www.ikea.cn/cn/zh/images/products/besta-bei-da-shi-ting-chu-wu-zu-he-bo-li-men-bai-se-la-wei-ken-bai-se-tou-ming-bo-li__0719213_pe731930_s3.jpg,https://www.ikea.cn/global/assets/navigation/images/tv-media-furniture-10475.jpeg,st001,2
st004,抽屉柜和抽屉框架,https://www.ikea.cn/cn/zh/images/products/koppang-ku-peng-6ti-ju-bai-se__0651639_pe706984_s3.jpg,https://www.ikea.cn/global/assets/navigation/images/chests-of-drawers-drawer-units-st004.jpeg,st001,2
19053,衣柜,https://www.ikea.cn/cn/zh/images/products/kleppstad-ke-le-pu-si-ta-san-men-yi-ju-bai-se__0753594_pe748782_s3.jpg,https://www.ikea.cn/global/assets/navigation/images/wardrobes-19053.jpeg,st001,2
st007,储物收纳用品,https://www.ikea.cn/cn/zh/images/products/nojig-nuo-yi-ge-shou-na-he-su-liao-mi-huang-se__0954157_pe804499_s3.jpg,https://www.ikea.cn/global/assets/navigation/images/small-storage-organisers-st007.jpeg,st001,2
30454,餐边柜和长几,https://www.ikea.cn/cn/zh/images/products/kallax-qia-lai-ke-ge-jia-dan-yuan-dai-4ge-cha-jian-fang-bai-se-xiang-mu-wen__0480295_pe618865_s3.jpg,https://www.ikea.cn/global/assets/navigation/images/sideboards-buffets-console-tables-30454.jpeg,st001,2
st006,挂钩和墙面收纳件,https://www.ikea.cn/cn/zh/images/products/enudden-an-nu-deng-fang-men-shi-gua-yi-gou-bai-se__0710492_pe727593_s3.jpg,https://www.ikea.cn/global/assets/navigation/images/hooks-wall-organisation-st006.jpeg,st001,2
st005,鞋柜和衣帽架,https://www.ikea.cn/cn/zh/images/products/staell-si-duo-er-si-men-xie-ju-bai-se__0710726_pe727747_s3.jpg,https://www.ikea.cn/global/assets/navigation/images/clothes-stands-shoe-racks-st005.jpeg,st001,2
fu005,推车,https://www.ikea.cn/cn/zh/images/products/hornavan-huo-na-wen-tui-che-bai-se__0169887_pe325984_s3.jpg,https://www.ikea.cn/global/assets/navigation/images/trolleys-fu005.jpeg,st001,2
16248,包袋,https://www.ikea.cn/cn/zh/images/products/kungsfors-kang-fu-si-wang-dai-liang-jian-tao-zi-ran-se__0712561_pe728918_s3.jpg,https://www.ikea.cn/global/assets/navigation/images/bags-16248.jpeg,st001,2
46078,搬家用品,https://www.ikea.cn/cn/zh/images/products/frakta-fu-la-ta-bian-zhi-dai-da-lan-se__0711230_pe728075_s3.jpg,https://www.ikea.cn/global/assets/navigation/images/moving-supplies-46078.jpeg,st001,2
10398,连壁搁板,https://www.ikea.cn/cn/zh/images/products/svenshult-si-wan-hu-er-te-qiang-ge-ban-bai-se__0670177_pe715349_s3.jpg,https://www.ikea.cn/global/assets/navigation/images/wall-shelves-10398.jpeg,st001,2
55984,SKYTTA 斯基塔滑门系统,https://www.ikea.cn/cn/zh/images/products/hokksund-huo-ke-song-hua-men-kuang-mian-ban-4-jian-gao-guang-dan-hui-se__0749100_pe745477_s3.jpg,https://www.ikea.cn/global/assets/navigation/images/skytta-sliding-door-system-55984.jpeg,st001,2
18706,儿童储物和收纳件,https://www.ikea.cn/cn/zh/images/products/trofast-shu-fa-te-chu-wu-zu-he-dai-he-bai-se-bai-se-cheng-se__0808586_pe770788_s3.jpg,https://www.ikea.cn/global/assets/navigation/images/childrens-storage-organisation-18706.jpeg,st001,2
st001,储物和收纳,https://www.ikea.cn/cn/zh/images/products/billy-bi-li-oxberg-ao-ke-bo-shu-ju-dai-jia-gao-jian-ju-men-bai-se__0668658_pe714623_s3.jpg,https://www.ikea.cn/global/assets/navigation/images/storage-organisation-st001.jpeg,0,1
55002,电竞家具,https://www.ikea.cn/cn/zh/images/products/fredde-fu-lei-de-dian-jing-zhuo-hei-se__0736008_pe740351_s3.jpg,https://www.ikea.cn/global/assets/navigation/images/gaming-furniture-55002.jpeg,fu001,2
fu003,沙发,https://www.ikea.cn/cn/zh/images/products/glostad-lu-si-da-shuang-ren-sha-fa-ji-ni-sa-zhong-lan__0950900_pe800740_s3.jpg,https://www.ikea.cn/global/assets/navigation/images/sofas-fu003.jpeg,fu001,2
55036,家具组合,https://www.ikea.cn/cn/zh/images/products/gursken-gu-xi-ken-wo-shi-jia-ju-5jian-tao-dan-mi-se__0970603_pe811129_s3.jpg,https://www.ikea.cn/global/assets/navigation/images/furniture-sets-55036.jpeg,fu001,2
bm003,床,https://www.ikea.cn/cn/zh/images/products/slattum-si-la-tu-ruan-bao-chuang-jia-bang-si-ta-hei-se__0764836_pe753364_s3.jpg,https://www.ikea.cn/global/assets/navigation/images/beds-bm003.jpeg,fu001,2
st002,书柜和置物架,https://www.ikea.cn/cn/zh/images/products/baggebo-ba-ge-bu-shu-jia-bai-se__0981552_pe815388_s3.jpg,https://www.ikea.cn/global/assets/navigation/images/bookcases-shelving-units-st002.jpeg,fu001,2
fu004,桌子-书桌和餐桌,https://www.ikea.cn/cn/zh/images/products/linnmon-li-meng-adils-a-di-si-zhuo-zi-bai-se-hei-se__0737166_pe740909_s3.jpg,https://www.ikea.cn/global/assets/navigation/images/tables-desks-fu004.jpeg,fu001,2
st003,橱柜和展示柜,https://www.ikea.cn/cn/zh/images/products/baggebo-ba-ge-bu-bo-li-men-chu-ju-jin-shu-bai-se__0981557_pe815393_s3.jpg,https://www.ikea.cn/global/assets/navigation/images/cabinets-cupboards-st003.jpeg,fu001,2
10475,电视和多媒体家具,https://www.ikea.cn/cn/zh/images/products/besta-bei-da-shi-ting-chu-wu-zu-he-bo-li-men-bai-se-la-wei-ken-bai-se-tou-ming-bo-li__0719213_pe731930_s3.jpg,https://www.ikea.cn/global/assets/navigation/images/tv-media-furniture-10475.jpeg,fu001,2
st004,抽屉柜和抽屉框架,https://www.ikea.cn/cn/zh/images/products/koppang-ku-peng-6ti-ju-bai-se__0651639_pe706984_s3.jpg,https://www.ikea.cn/global/assets/navigation/images/chests-of-drawers-drawer-units-st004.jpeg,fu001,2
19053,衣柜,https://www.ikea.cn/cn/zh/images/products/kleppstad-ke-le-pu-si-ta-san-men-yi-ju-bai-se__0753594_pe748782_s3.jpg,https://www.ikea.cn/global/assets/navigation/images/wardrobes-19053.jpeg,fu001,2
fu002,椅子,https://www.ikea.cn/cn/zh/images/products/huvudspelare-hu-fu-si-pei-dian-jing-yi-hei-se__1039672_pe840417_s3.jpg,https://www.ikea.cn/global/assets/navigation/images/chairs-fu002.jpeg,fu001,2
od003,户外家具,https://www.ikea.cn/cn/zh/images/products/taernoe-ta-er-nuo-zhuo-zi-2-yi-zi-hu-wai-hong-se-zhao-qian-he-se-qi__0776099_pe757709_s3.jpg,https://www.ikea.cn/global/assets/navigation/images/outdoor-furniture-od003.jpeg,fu001,2
30454,餐边柜和长几,https://www.ikea.cn/cn/zh/images/products/kallax-qia-lai-ke-ge-jia-dan-yuan-dai-4ge-cha-jian-fang-bai-se-xiang-mu-wen__0480295_pe618865_s3.jpg,https://www.ikea.cn/global/assets/navigation/images/sideboards-buffets-console-tables-30454.jpeg,fu001,2
18767,儿童家具,https://www.ikea.cn/cn/zh/images/products/smastad-si-ma-si-ta-dai-wan-ju-chu-fang-kong-jian-de-chang-deng-bai-se-qian-fen-se__0918196_pe786136_s3.jpg,https://www.ikea.cn/global/assets/navigation/images/childrens-furniture-18767.jpeg,fu001,2
46080,房间隔断,https://www.ikea.cn/cn/zh/images/products/tolkning-tuo-ke-ning-fang-jian-ge-ban-shou-gong-zhi-zuo-teng-tiao__1098698_pe865491_s3.jpg,https://www.ikea.cn/global/assets/navigation/images/room-dividers-46080.jpeg,fu001,2
fu005,推车,https://www.ikea.cn/cn/zh/images/products/hornavan-huo-na-wen-tui-che-bai-se__0169887_pe325984_s3.jpg,https://www.ikea.cn/global/assets/navigation/images/trolleys-fu005.jpeg,fu001,2
16244,吧台家具,https://www.ikea.cn/cn/zh/images/products/tommaryd-tuo-ma-rui-de-zhuo-zi-dan-hui-se__0740545_pe742054_s3.jpg,https://www.ikea.cn/global/assets/navigation/images/bar-furniture-16244.jpeg,fu001,2
fu006,扶手椅和贵妃椅,https://www.ikea.cn/cn/zh/images/products/pello-pei-luo-dan-ren-sha-fa-fu-shou-yi-he-mu-bei-zi-ran-se__38296_pe130209_s3.jpg,https://www.ikea.cn/global/assets/navigation/images/armchairs-chaise-longues-fu006.jpeg,fu001,2
19141,咖啡馆家具,https://www.ikea.cn/cn/zh/images/products/stensele-si-dan-sai-norraryd-nuo-le-li-ba-zhuo-2ba-deng-mei-hei-se-mei-hei-se-hei-se__0680383_pe719836_s3.jpg,https://www.ikea.cn/global/assets/navigation/images/cafe-furniture-19141.jpeg,fu001,2
45780,婴儿家具,https://www.ikea.cn/cn/zh/images/products/myllra-mu-er-la-dai-chou-ti-ying-er-chuang-qian-fen-se__0812394_pe783220_s3.jpg,https://www.ikea.cn/global/assets/navigation/images/nursery-furniture-45780.jpeg,fu001,2
fu001,家具,https://www.ikea.cn/cn/zh/images/products/galant-jia-lan-te-tui-la-men-ju-zi-hei-se-bai-zha-mu-tie-mian__0613080_pe686151_s3.jpg,https://www.ikea.cn/global/assets/navigation/images/furniture-fu001.jpeg,0,1
tl004,卧室纺织品,https://www.ikea.cn/cn/zh/images/products/tovsippa-tuo-xi-pa-bei-tao-he-2ge-zhen-tao-bai-se-hua-hui-tu-an__0684366_pe721123_s3.jpg,https://www.ikea.cn/global/assets/navigation/images/bedding-tl004.jpeg,tl001,2
tl002,窗帘和卷帘,https://www.ikea.cn/cn/zh/images/products/bengta-ben-ge-ta-zhe-guang-chuang-lian-lan-se__0805437_pe769558_s3.jpg,https://www.ikea.cn/global/assets/navigation/images/curtains-blinds-tl002.jpeg,tl001,2
10659,靠垫和靠垫套,https://www.ikea.cn/cn/zh/images/products/turill-tu-li-er-kao-dian-bai-se-hei-se__0545087_pe655316_s3.jpg,https://www.ikea.cn/global/assets/navigation/images/cushions-cushion-covers-10659.jpeg,tl001,2
18730,儿童纺织品,https://www.ikea.cn/cn/zh/images/products/kaepphaest-xie-pu-hai-si-te-bei-tao-he-zhen-tao-wan-ju-tu-an-huang-se__0751324_pe747013_s3.jpg,https://www.ikea.cn/global/assets/navigation/images/childrens-textiles-18730.jpeg,tl001,2
17893,户外靠垫,https://www.ikea.cn/cn/zh/images/products/froesoen-duvholmen-fu-luo-song-du-huo-meng-yi-bei-kao-dian-hu-wai-shen-hui-se__0685034_pe721319_s3.jpg,https://www.ikea.cn/global/assets/navigation/images/outdoor-cushions-17893.jpeg,tl001,2
20528,毯子和休闲毯,https://www.ikea.cn/cn/zh/images/products/vitmossa-wei-te-mo-sa-xiu-xian-tan-hui-se__0603361_pe680780_s3.jpg,https://www.ikea.cn/global/assets/navigation/images/blankets-throws-20528.jpeg,tl001,2
20538,餐桌用纺织品,https://www.ikea.cn/cn/zh/images/products/anledning-ang-lai-ning-zhuo-bu-bai-se-hong-se__1036698_pe838489_s3.jpg,https://www.ikea.cn/global/assets/navigation/images/table-linen-20538.jpeg,tl001,2
tl003,浴室纺织品,https://www.ikea.cn/cn/zh/images/products/naersen-nai-er-sen-yu-jin-bai-se__0688237_pe722380_s3.jpg,https://www.ikea.cn/global/assets/navigation/images/bath-textiles-tl003.jpeg,tl001,2
10655,布料和缝纫用品,https://www.ikea.cn/cn/zh/images/products/sy-qian-ya-yun-tang-shi-bu-yi-feng-bian-tiao__40957_pe135151_s3.jpg,https://www.ikea.cn/global/assets/navigation/images/fabrics-sewing-10655.jpeg,tl001,2
18850,厨房纺织品,https://www.ikea.cn/cn/zh/images/products/hildegun-xi-de-gen-wei-qun__0930017_pe790573_s3.jpg,https://www.ikea.cn/global/assets/navigation/images/kitchen-textiles-18850.jpeg,tl001,2
18690,婴儿纺织品,https://www.ikea.cn/cn/zh/images/products/roerande-lue-lang-de-ying-er-chuang-shang-yong-pin-san-jian-tao-duo-se__0774670_pe756729_s3.jpg,https://www.ikea.cn/global/assets/navigation/images/baby-textiles-18690.jpeg,tl001,2
42925,衣服/配件,https://www.ikea.cn/cn/zh/images/products/rockan-luo-ke-weng-yu-yi-bai-se__1135537_pe879096_s3.jpg,https://www.ikea.cn/global/assets/navigation/images/clothing-accessories-42925.jpeg,tl001,2
20542,椅垫,https://www.ikea.cn/cn/zh/images/products/justina-jia-si-di-na-yi-dian-tao-hong-se__0110993_pe261628_s3.jpg,https://www.ikea.cn/global/assets/navigation/images/chair-pads-20542.jpeg,tl001,2
10653,地毯,https://www.ikea.cn/cn/zh/images/products/tiphede-ti-pu-he-de-ping-zhi-di-tan-zi-ran-se-hei-se__0772066_pe755879_s3.jpg,https://www.ikea.cn/global/assets/navigation/images/rugs-10653.jpeg,tl001,2
tl001,纺织品,https://www.ikea.cn/cn/zh/images/products/varkrage-wo-ke-luo-ge-xiu-xian-tan-hong-he-se__0723978_pe734321_s3.jpg,https://www.ikea.cn/global/assets/navigation/images/textiles-tl001.jpeg,0,1
10757,图片和框架,https://www.ikea.cn/cn/zh/images/products/yllevad-yi-le-wa-hua-kuang-bai-se__0790075_pe767448_s3.jpg,https://www.ikea.cn/global/assets/navigation/images/wall-decor-10757.jpeg,de001,2
pp003,植物和花,https://www.ikea.cn/cn/zh/images/products/philodendron-jin-zuan-pen-zai-zhi-wu__1026737_pe834497_s3.jpg,https://www.ikea.cn/global/assets/navigation/images/plants-flowers-pp003.jpeg,de001,2
10550,储物盒和储物篮,https://www.ikea.cn/cn/zh/images/products/kuggis-ku-ji-si-fu-gai-chu-wu-he-bai-se__0713062_pe729166_s3.jpg,https://www.ikea.cn/global/assets/navigation/images/storage-boxes-baskets-10550.jpeg,de001,2
pp004,花盆,https://www.ikea.cn/cn/zh/images/products/brunbaer-bu-lun-bai-zhuang-shi-yong-hua-pen-he-pen-tuo-hu-wai-chan-pin-chi-tao__1033767_pe840266_s3.jpg,https://www.ikea.cn/global/assets/navigation/images/flower-pots-planters-pp004.jpeg,de001,2
20489,镜子,https://www.ikea.cn/cn/zh/images/products/toftbyn-tuo-fu-bi-en-jing-zi-bai-se__0833075_pe777944_s3.jpg,https://www.ikea.cn/global/assets/navigation/images/mirrors-20489.jpeg,de001,2
10760,蜡烛和蜡台,https://www.ikea.cn/cn/zh/images/products/lugnare-lu-na-le-xiang-wei-zhu-he-bo-li-bei-mo-li-hua-fen-hong-se__1060608_pe850076_s3.jpg,https://www.ikea.cn/global/assets/navigation/images/candle-holders-candles-10760.jpeg,de001,2
10769,花瓶和碗,https://www.ikea.cn/cn/zh/images/products/fatalig-fu-ta-li-hua-ping-gou-hui-bai__0990323_pe818856_s3.jpg,https://www.ikea.cn/global/assets/navigation/images/vases-bowls-10769.jpeg,de001,2
10574,布告板,https://www.ikea.cn/cn/zh/images/products/vaeggis-wa-ji-si-liu-yan-ban-dai-da-tou-zhen-bai-se__0240400_pe380053_s3.jpg,https://www.ikea.cn/global/assets/navigation/images/noticeboards-10574.jpeg,de001,2
24924,装饰配件,https://www.ikea.cn/cn/zh/images/products/gestalta-ji-te-da-mu-ren-ben-se__24799_pe109573_s3.jpg,https://www.ikea.cn/global/assets/navigation/images/decorative-accessories-24924.jpeg,de001,2
25227,纸品屋,https://www.ikea.cn/cn/zh/images/products/aromatisk-a-lu-ma-ti-ke-li-wu-xin-feng-mi-se-huang-se-zhi-zhi__1112613_pe871229_s3.jpg,https://www.ikea.cn/global/assets/navigation/images/paper-shop-25227.jpeg,de001,2
10759,时钟,https://www.ikea.cn/cn/zh/images/products/tromma-tu-luo-ma-gua-zhong-bai-se__0836082_pe778497_s3.jpg,https://www.ikea.cn/global/assets/navigation/images/clocks-10759.jpeg,de001,2
42926,家用香氛,https://www.ikea.cn/cn/zh/images/products/adlad-a-la-de-xiang-xun-gua-jian-si-kan-de-na-wei-ya-sen-lin-bai-se__1060355_pe849977_s3.jpg,https://www.ikea.cn/global/assets/navigation/images/home-fragrance-42926.jpeg,de001,2
49149,冬季装饰,https://www.ikea.cn/cn/zh/images/products/enrum-en-lu-mu-diao-gua-zhu-tai-shi-nei-hu-wai-hong-se__0888812_pe782189_s3.jpg,https://www.ikea.cn/global/assets/navigation/images/christmas-decoration-49149.jpeg,de001,2
de001,装饰品,https://www.ikea.cn/cn/zh/images/products/padrag-pu-de-la-ge-hua-ping-tou-ming-bo-li__0969056_pe810681_s3.jpg,https://www.ikea.cn/global/assets/navigation/images/decoration-de001.jpeg,0,1
li002,灯具,https://www.ikea.cn/cn/zh/images/products/tagarp-te-jia-pu-luo-di-deng-hei-se-bai-se__0810840_pe771436_s3.jpg,https://www.ikea.cn/global/assets/navigation/images/lamps-li002.jpeg,li001,2
14971,装饰性灯具,https://www.ikea.cn/cn/zh/images/products/solvinden-suo-wen-dun-leddeng-chuan-12ge-deng-pao-dian-chi-cao-zuo-hu-wai-chan-pin-bai-se__1032373_pe836880_s3.jpg,https://www.ikea.cn/global/assets/navigation/images/decorative-lighting-14971.jpeg,li001,2
16280,内置灯具,https://www.ikea.cn/cn/zh/images/products/ledberg-lai-bo-ke-wan-qu-ledzhao-ming-tiao-bai-se__0594202_pe675567_s3.jpg,https://www.ikea.cn/global/assets/navigation/images/integrated-lighting-16280.jpeg,li001,2
36812,智能照明,https://www.ikea.cn/cn/zh/images/products/tradfri-te-lu-fei-wu-xian-dong-tai-gan-ying-qi-bai-se__0725849_pe735071_s3.jpg,https://www.ikea.cn/global/assets/navigation/images/smart-lighting-36812.jpeg,li001,2
17897,户外照明,https://www.ikea.cn/cn/zh/images/products/solarvet-suo-la-wan-leddeng-chuan-24tou-hu-wai-chan-pin-tai-yang-neng-qiu-xing-bai-se__0634551_pe696569_s3.jpg,https://www.ikea.cn/global/assets/navigation/images/outdoor-lighting-17897.jpeg,li001,2
10736,浴室照明,https://www.ikea.cn/cn/zh/images/products/godmorgon-gu-de-mo-ledchu-ju-qiang-bi-zhao-ming-bai-se__0663981_pe712576_s3.jpg,https://www.ikea.cn/global/assets/navigation/images/bathroom-lighting-10736.jpeg,li001,2
20514,LED灯泡,https://www.ikea.cn/cn/zh/images/products/solhetta-suo-hai-ta-leddeng-pao-e27-806liu-ming-ke-diao-guang-de-qiu-xing-ru-bai-se__0988841_pe818257_s3.jpg,https://www.ikea.cn/global/assets/navigation/images/led-bulbs-20514.jpeg,li001,2
li001,灯具照明,https://www.ikea.cn/cn/zh/images/products/saxhyttan-sa-ke-si-xi-ta-en-tai-deng-mi-huang-se-hei-se__0984125_pe816201_s3.jpg,https://www.ikea.cn/global/assets/navigation/images/lighting-li001.jpeg,0,1
700293,厨房门板,https://www.ikea.cn/cn/zh/images/products/askersund-a-si-ke-song-ju-men-qian-bai-zha-mu-wen__0633755_pe696048_s3.jpg,https://www.ikea.cn/global/assets/navigation/images/kitchen-doors-drawer-fronts-700293.jpeg,ka001,2
700292,厨房柜体,https://www.ikea.cn/cn/zh/images/products/metod-mi-duo-bi-ju-kuang-jia-bai-se__0640634_pe699954_s3.jpg,https://www.ikea.cn/global/assets/navigation/images/kitchen-cabinets-700292.jpeg,ka001,2
ka003,厨房厨柜系列,https://www.ikea.cn/cn/zh/images/products/enhet-an-na-te-zhuan-jiao-chu-fang-mei-hei-se-fang-hun-ning-tu-xiao-guo-bai-se__0989434_pe818487_s3.jpg,https://www.ikea.cn/global/assets/navigation/images/kitchens-ka003.jpeg,ka001,2
24255,厨柜内部收纳,https://www.ikea.cn/cn/zh/images/products/smaecker-si-ma-ke-can-ju-pan-hui-se__0626862_pe693051_s3.jpg,https://www.ikea.cn/global/assets/navigation/images/interior-fittings-24255.jpeg,ka001,2
16200,置物架,https://www.ikea.cn/cn/zh/images/products/hejne-he-ni-yi-duan-zu-he-ruan-mu__0276435_pe414896_s3.jpg,https://www.ikea.cn/global/assets/navigation/images/pantry-16200.jpeg,ka001,2
20676,厨房墙面收纳,https://www.ikea.cn/cn/zh/images/products/kungsfors-kang-fu-si-ge-ban-bu-xiu-gang__0709887_pe727149_s3.jpg,https://www.ikea.cn/global/assets/navigation/images/kitchen-wall-storage-20676.jpeg,ka001,2
24264,厨房操作台面,https://www.ikea.cn/cn/zh/images/products/lilltraesk-li-te-la-cao-zuo-tai-mian-bai-se-ceng-ya-ban__0315483_pe516146_s3.jpg,https://www.ikea.cn/global/assets/navigation/images/kitchen-worktops-24264.jpeg,ka001,2
ka002,厨房电器,https://www.ikea.cn/cn/zh/images/products/tillreda-ti-rui-da-bian-xi-dian-ci-lu-dan-qu-bai-se__0965776_pe809603_s3.jpg,https://www.ikea.cn/global/assets/navigation/images/appliances-ka002.jpeg,ka001,2
10471,推车和岛台,https://www.ikea.cn/cn/zh/images/products/vesken-wei-hui-en-tui-che-bai-se__0832009_pe777548_s3.jpg,https://www.ikea.cn/global/assets/navigation/images/kitchen-islands-trolleys-10471.jpeg,ka001,2
16298,拉手和拉钮,https://www.ikea.cn/cn/zh/images/products/gubbarp-gu-ba-pu-ba-shou-bai-se__0754252_pe747843_s3.jpg,https://www.ikea.cn/global/assets/navigation/images/knobs-handles-16298.jpeg,ka001,2
16282,厨房照明,https://www.ikea.cn/cn/zh/images/products/styrbar-si-tu-er-ba-yao-kong-qi-bu-xiu-gang__0944238_pe797204_s3.jpg,https://www.ikea.cn/global/assets/navigation/images/kitchen-lighting-16282.jpeg,ka001,2
24261,厨房水龙头和水槽,https://www.ikea.cn/cn/zh/images/products/kilsviken-ji-er-si-wei-ken-qian-ru-shi-shui-cao-dai-1ge-cao-shen-he-se-shi-ying-hun-he-wu__0831740_pe777337_s3.jpg,https://www.ikea.cn/global/assets/navigation/images/kitchen-taps-sinks-24261.jpeg,ka001,2
19121,厨房墙面挡水板,https://www.ikea.cn/cn/zh/images/products/lysekil-lai-xi-ke-dang-shui-ban-shuang-mian-she-ji-la-si-tong-xiao-guo-bu-xiu-gang__1020010_pe831704_s3.jpg,https://www.ikea.cn/global/assets/navigation/images/kitchen-splashbacks-wall-panels-19121.jpeg,ka001,2
22957,独立式厨房,https://www.ikea.cn/cn/zh/images/products/ravaror-luo-wa-lu-du-li-chu-ju-hei-se__0864974_pe781316_s3.jpg,https://www.ikea.cn/global/assets/navigation/images/unit-kitchens-22957.jpeg,ka001,2
ka001,整体厨房和电器,https://www.ikea.cn/cn/zh/images/products/lysekil-lai-xi-ke-dang-shui-ban-shuang-mian-she-ji-huang-tong-se-bu-xiu-gang-se__0817928_pe774177_s3.jpg,https://www.ikea.cn/global/assets/navigation/images/kitchen-appliances-ka001.jpeg,0,1
56472,空气净化器,https://www.ikea.cn/cn/zh/images/products/starkvind-si-da-wen-kong-qi-jing-hua-qi-hei-se__0978609_pe814182_s3.jpg,https://www.ikea.cn/global/assets/navigation/images/smart-air-purifiers-filters-56472.jpeg,hs001,2
36812,智能照明,https://www.ikea.cn/cn/zh/images/products/tradfri-te-lu-fei-wu-xian-dong-tai-gan-ying-qi-bai-se__0725849_pe735071_s3.jpg,https://www.ikea.cn/global/assets/navigation/images/smart-lighting-36812.jpeg,hs001,2
44531,电动卷帘,https://www.ikea.cn/cn/zh/images/products/kadrilj-qia-de-li-juan-lian-wu-xian-dian-chi-cao-zuo-hui-se__0595311_pe675962_s3.jpg,https://www.ikea.cn/global/assets/navigation/images/smart-electric-blinds-44531.jpeg,hs001,2
53259,智能家居设备,https://www.ikea.cn/cn/zh/images/products/tradfri-te-lu-fei-wu-xian-kong-zhi-cha-zuo__0992246_pe819896_s3.jpg,https://www.ikea.cn/global/assets/navigation/images/smart-home-hub-controls-53259.jpeg,hs001,2
46194,无线音箱,https://www.ikea.cn/cn/zh/images/products/symfonisk-xi-mu-fu-si-wifishu-jia-yin-xiang-hei-se__0707117_pe726114_s3.jpg,https://www.ikea.cn/global/assets/navigation/images/wi-fi-speakers-46194.jpeg,hs001,2
hs001,智能家居,https://www.ikea.cn/cn/zh/images/products/tradfri-te-lu-fei-wu-xian-kong-zhi-qu-dong-hui-se__0553358_pe659469_s3.jpg,https://www.ikea.cn/global/assets/navigation/images/home-smart-hs001.jpeg,0,1
bm003,床,https://www.ikea.cn/cn/zh/images/products/slattum-si-la-tu-ruan-bao-chuang-jia-bang-si-ta-hei-se__0764836_pe753364_s3.jpg,https://www.ikea.cn/global/assets/navigation/images/beds-bm003.jpeg,bm001,2
tl004,卧室纺织品,https://www.ikea.cn/cn/zh/images/products/tovsippa-tuo-xi-pa-bei-tao-he-2ge-zhen-tao-bai-se-hua-hui-tu-an__0684366_pe721123_s3.jpg,https://www.ikea.cn/global/assets/navigation/images/bedding-tl004.jpeg,bm001,2
bm002,床垫,https://www.ikea.cn/cn/zh/images/products/hoevag-hai-wo-ge-dai-zhuang-dan-huang-chuang-dian-ying-xing-shen-hui-se__0210703_pe364285_s3.jpg,https://www.ikea.cn/global/assets/navigation/images/mattresses-bm002.jpeg,bm001,2
20656,床头柜,https://www.ikea.cn/cn/zh/images/products/hemnes-han-ni-si-chuang-tou-zhuo-bai-se-qi__0624424_pe691831_s3.jpg,https://www.ikea.cn/global/assets/navigation/images/bedside-tables-20656.jpeg,bm001,2
19064,床头板,https://www.ikea.cn/cn/zh/images/products/nordli-nuo-de-li-chuang-tou-ban-bai-se__0595945_pe677836_s3.jpg,https://www.ikea.cn/global/assets/navigation/images/headboards-19064.jpeg,bm001,2
19059,床底收纳,https://www.ikea.cn/cn/zh/images/products/paerkla-pai-ke-la-chu-wu-dai__0716331_pe730816_s3.jpg,https://www.ikea.cn/global/assets/navigation/images/under-bed-storage-19059.jpeg,bm001,2
24827,床板条,https://www.ikea.cn/cn/zh/images/products/loenset-lang-sai-te-chuang-ban-jia__0243789_pe383074_s3.jpg,https://www.ikea.cn/global/assets/navigation/images/bed-slats-24827.jpeg,bm001,2
bm001,床和床垫,https://www.ikea.cn/cn/zh/images/products/akrehamn-a-ke-luo-han-pao-mo-chuang-dian-ying-xing-bai-se__1015271_pe829965_s3.jpg,https://www.ikea.cn/global/assets/navigation/images/beds-mattresses-bm001.jpeg,0,1
bc003,儿童,https://www.ikea.cn/cn/zh/images/products/mala-mo-la-shu-xie-ban-ruan-mu__0995590_pe821771_s3.jpg,https://www.ikea.cn/global/assets/navigation/images/children-bc003.jpeg,bc001,2
bc002,婴儿,https://www.ikea.cn/cn/zh/images/products/lockig-luo-qi-er-tong-bian-hu-bai-se-lu-se__0712339_pe728741_s3.jpg,https://www.ikea.cn/global/assets/navigation/images/baby-bc002.jpeg,bc001,2
bc001,婴儿和儿童,https://www.ikea.cn/cn/zh/images/products/lillabo-li-le-bao-wan-ju-huo-che-45jian-dai-gui-dao__0712397_pe728813_s3.jpg,https://www.ikea.cn/global/assets/navigation/images/baby-children-bc001.jpeg,0,1
20719,洗脸池,https://www.ikea.cn/cn/zh/images/products/godmorgon-gu-de-mo-odensvik-ao-deng-wei-shuang-ti-xi-lian-chi-ju-gao-guang-bai-se-dalskaer-da-si-qia-shui-long-tou__0382228_pe556628_s3.jpg,https://www.ikea.cn/global/assets/navigation/images/bathroom-vanities-20719.jpeg,ba001,2
ba002,浴室储物,https://www.ikea.cn/cn/zh/images/products/vesken-wei-hui-en-zhuan-jiao-ge-ban-zhuang-zhi-bai-se__0831999_pe777543_s3.jpg,https://www.ikea.cn/global/assets/navigation/images/bathroom-storage-ba002.jpeg,ba001,2
20490,浴室镜,https://www.ikea.cn/cn/zh/images/products/enhet-an-na-te-shuang-men-jing-ju-bai-se-hui-se-kuang-jia__0816143_pe773290_s3.jpg,https://www.ikea.cn/global/assets/navigation/images/bathroom-mirrors-20490.jpeg,ba001,2
10555,浴室配件,https://www.ikea.cn/cn/zh/images/products/tisken-ti-si-ke-en-dai-xi-pan-lan-kuang-bai-se__0749052_pe745413_s3.jpg,https://www.ikea.cn/global/assets/navigation/images/bathroom-accessories-10555.jpeg,ba001,2
ba003,浴室衣物洗涤及晾晒,https://www.ikea.cn/cn/zh/images/products/slibb-si-li-bo-luo-di-shi-liang-yi-jia-hui-se__0974366_pe812403_s3.jpg,https://www.ikea.cn/global/assets/navigation/images/bathroom-laundry-ba003.jpeg,ba001,2
tl003,浴室纺织品,https://www.ikea.cn/cn/zh/images/products/naersen-nai-er-sen-yu-jin-bai-se__0688237_pe722380_s3.jpg,https://www.ikea.cn/global/assets/navigation/images/bath-textiles-tl003.jpeg,ba001,2
10736,浴室照明,https://www.ikea.cn/cn/zh/images/products/godmorgon-gu-de-mo-ledchu-ju-qiang-bi-zhao-ming-bai-se__0663981_pe712576_s3.jpg,https://www.ikea.cn/global/assets/navigation/images/bathroom-lighting-10736.jpeg,ba001,2
46079,浴室家具,https://www.ikea.cn/cn/zh/images/products/nysjoen-ni-xun-bjoerkan-bi-yue-ke-ang-yu-shi-jia-ju-5jian-tao-bai-se-saljen-sa-li-en-shui-long-tou__0968966_pe810656_s3.jpg,https://www.ikea.cn/global/assets/navigation/images/bathroom-furniture-sets-46079.jpeg,ba001,2
20859,浴室脚凳和长凳,https://www.ikea.cn/cn/zh/images/products/bolmen-bo-meng-deng-bai-se__0099008_pe240453_s3.jpg,https://www.ikea.cn/global/assets/navigation/images/bathroom-stools-benches-20859.jpeg,ba001,2
20723,浴室水槽,https://www.ikea.cn/cn/zh/images/products/odensvik-ao-deng-wei-dan-cao-xi-lian-chi__0756214_pe748825_s3.jpg,https://www.ikea.cn/global/assets/navigation/images/bathroom-sinks-20723.jpeg,ba001,2
40690,浴室花洒,https://www.ikea.cn/cn/zh/images/products/ljusoega-ji-suo-jia-yu-lian-hua__0503378_pe632620_s3.jpg,https://www.ikea.cn/global/assets/navigation/images/showers-40690.jpeg,ba001,2
20724,浴室水龙头,https://www.ikea.cn/cn/zh/images/products/pilkan-pi-le-kong-xi-lian-chi-shui-long-tou-dai-guo-lu-qi-du-ge__0644803_pe702977_s3.jpg,https://www.ikea.cn/global/assets/navigation/images/bathroom-taps-20724.jpeg,ba001,2
700339,SPA配件,https://www.ikea.cn/cn/zh/images/products/praktportlak-pu-la-bo-na-cuo-zao-shou-tao-zi-ran-se__1127403_pe876203_s3.jpg,https://www.ikea.cn/global/assets/navigation/images/spa-accessories-700339.jpeg,ba001,2
ba001,浴室产品,https://www.ikea.cn/cn/zh/images/products/lillasjoen-li-la-xue-en-5gou-lian-bi-ge-jia__0947950_pe798780_s3.jpg,https://www.ikea.cn/global/assets/navigation/images/bathroom-products-ba001.jpeg,0,1
od003,户外家具,https://www.ikea.cn/cn/zh/images/products/taernoe-ta-er-nuo-zhuo-zi-2-yi-zi-hu-wai-hong-se-zhao-qian-he-se-qi__0776099_pe757709_s3.jpg,https://www.ikea.cn/global/assets/navigation/images/outdoor-furniture-od003.jpeg,od001,2
21958,户外储物,https://www.ikea.cn/cn/zh/images/products/kolbjoern-ke-bi-yue-en-ju-zi-shi-nei-hu-wai-mi-huang-se__0664606_pe718444_s3.jpg,https://www.ikea.cn/global/assets/navigation/images/outdoor-storage-21958.jpeg,od001,2
17887,遮阳伞和凉亭,https://www.ikea.cn/cn/zh/images/products/tvetoe-te-wei-tie-yang-san-mi-hui-se-bai-se-hu-wei-en-mi-hui-se__0961341_pe807495_s3.jpg,https://www.ikea.cn/global/assets/navigation/images/parasols-gazebos-17887.jpeg,od001,2
700349,户外厨房和配件,https://www.ikea.cn/cn/zh/images/products/grilltider-ge-li-ti-de-tuo-pan-bu-xiu-gang__1062708_pe850945_s3.jpg,https://www.ikea.cn/global/assets/navigation/images/outdoor-kitchen-accessories-700349.jpeg,od001,2
31787,户外花盆和植物,https://www.ikea.cn/cn/zh/images/products/askholmen-a-huo-meng-zhi-wu-jia-zhao-qian-he-se-qi__0237654_pe376921_s3.jpg,https://www.ikea.cn/global/assets/navigation/images/outdoor-pots-plants-31787.jpeg,od001,2
34203,户外配件,https://www.ikea.cn/cn/zh/images/products/laettuggad-lai-tu-jia-ling-shi-he-2jian-tao-bu-xiu-gang__1029698_pe836011_s3.jpg,https://www.ikea.cn/global/assets/navigation/images/outdoor-accessories-34203.jpeg,od001,2
17897,户外照明,https://www.ikea.cn/cn/zh/images/products/solarvet-suo-la-wan-leddeng-chuan-24tou-hu-wai-chan-pin-tai-yang-neng-qiu-xing-bai-se__0634551_pe696569_s3.jpg,https://www.ikea.cn/global/assets/navigation/images/outdoor-lighting-17897.jpeg,od001,2
34204,户外地毯,https://www.ikea.cn/cn/zh/images/products/rodelund-lu-de-long-de-ping-zhi-di-tan-shi-nei-hu-wai-mi-huang-se__0771925_pe755848_s3.jpg,https://www.ikea.cn/global/assets/navigation/images/outdoor-rugs-34204.jpeg,od001,2
21957,户外地板,https://www.ikea.cn/cn/zh/images/products/runnen-lu-en-di-ban-shi-mian-hu-wai-zhao-he-se-qi__0709178_pe726855_s3.jpg,https://www.ikea.cn/global/assets/navigation/images/outdoor-flooring-21957.jpeg,od001,2
od001,户外产品,https://www.ikea.cn/cn/zh/images/products/aepplaroe-a-pu-lai-nuo-deng-hu-wai-ke-zhe-die-zhao-he-se-qi__0728395_pe736229_s3.jpg,https://www.ikea.cn/global/assets/navigation/images/outdoor-products-od001.jpeg,0,1
20652,书桌椅和办公椅,https://www.ikea.cn/cn/zh/images/products/renberget-lun-bei-te-zhuan-yi-bang-si-ta-hei-se__1020135_pe831794_s3.jpg,https://www.ikea.cn/global/assets/navigation/images/desk-chairs-20652.jpeg,700291,2
20649,书桌和办公桌,https://www.ikea.cn/cn/zh/images/products/lagkapten-la-ge-kai-pu-adils-a-di-si-shu-zhuo-qian-lu-hei-se__1079052_pe857389_s3.jpg,https://www.ikea.cn/global/assets/navigation/images/desks-computer-desks-20649.jpeg,700291,2
53249,书桌椅组合,https://www.ikea.cn/cn/zh/images/products/utespelare-wu-si-pei-helmer-hai-er-mo-zhuo-zi-yi-zi-he-chou-ti-dan-yuan-dan-hui-se-hui-se-bai-se__1004843_pe825225_s3.jpg,https://www.ikea.cn/global/assets/navigation/images/desk-chair-sets-53249.jpeg,700291,2
57537,多功能桌,https://www.ikea.cn/cn/zh/images/products/ingatorp-ying-ge-tuo-fan-ban-zhuo-hei-he-se__0737121_pe740894_s3.jpg,https://www.ikea.cn/global/assets/navigation/images/multifunctional-tables-57537.jpeg,700291,2
10711,抽屉柜-书房和办公室,https://www.ikea.cn/cn/zh/images/products/alex-a-lai-si-chou-ti-ju-dai-jiao-lun-hui-lan-se-hei-se__0993106_pe820413_s3.jpg,https://www.ikea.cn/global/assets/navigation/images/drawer-units-10711.jpeg,700291,2
10385,储物文件柜,https://www.ikea.cn/cn/zh/images/products/trotten-te-luo-teng-chu-wu-ju-bai-se__1007247_pe825962_s3.jpg,https://www.ikea.cn/global/assets/navigation/images/storage-units-cabinets-10385.jpeg,700291,2
46080,房间隔断,https://www.ikea.cn/cn/zh/images/products/tolkning-tuo-ke-ning-fang-jian-ge-ban-shou-gong-zhi-zuo-teng-tiao__1098698_pe865491_s3.jpg,https://www.ikea.cn/global/assets/navigation/images/room-dividers-46080.jpeg,700291,2
700336,书桌隔板,https://www.ikea.cn/cn/zh/images/products/eilif-ai-li-fu-zhuo-mian-shi-ge-ban-lan-se__0929900_pe790515_s3.jpg,https://www.ikea.cn/global/assets/navigation/images/desk-dividers-700336.jpeg,700291,2
20502,工作灯,https://www.ikea.cn/cn/zh/images/products/svallet-si-wa-lei-te-gong-zuo-deng-shen-hui-se-bai-se__0703502_pe724751_s3.jpg,https://www.ikea.cn/global/assets/navigation/images/work-lamps-20502.jpeg,700291,2
40845,电线和充电器,https://www.ikea.cn/cn/zh/images/products/livboj-li-fu-bo-yi-wu-xian-chong-dian-qi-hei-se__0716064_pe730680_s3.jpg,https://www.ikea.cn/global/assets/navigation/images/cables-chargers-40845.jpeg,700291,2
10551,文件和多媒体储藏件,https://www.ikea.cn/cn/zh/images/products/droenjoens-de-rui-yue-en-wen-jian-he-qian-hui-lu__1029015_pe835631_s3.jpg,https://www.ikea.cn/global/assets/navigation/images/paper-media-organisers-10551.jpeg,700291,2
700291,居家办公,https://www.ikea.cn/cn/zh/images/products/sockerbit-suo-ke-bi-fu-gai-chu-wu-he-hui-lu-se__1029044_pe835633_s3.jpg,https://www.ikea.cn/global/assets/navigation/images/working-from-home-700291.jpeg,0,1
10653,地毯,https://www.ikea.cn/cn/zh/images/products/tiphede-ti-pu-he-de-ping-zhi-di-tan-zi-ran-se-hei-se__0772066_pe755879_s3.jpg,https://www.ikea.cn/global/assets/navigation/images/rugs-10653.jpeg,rm001,2
21957,户外地板,https://www.ikea.cn/cn/zh/images/products/runnen-lu-en-di-ban-shi-mian-hu-wai-zhao-he-se-qi__0709178_pe726855_s3.jpg,https://www.ikea.cn/global/assets/navigation/images/outdoor-flooring-21957.jpeg,rm001,2
10698,门垫,https://www.ikea.cn/cn/zh/images/products/klampenborg-ke-lang-peng-bei-shi-nei-men-dian-he-se__0972870_pe811785_s3.jpg,https://www.ikea.cn/global/assets/navigation/images/door-mats-10698.jpeg,rm001,2
20519,浴室垫子,https://www.ikea.cn/cn/zh/images/products/fintsen-fen-te-sen-yu-shi-di-dian-hui-se__0974067_pe812273_s3.jpg,https://www.ikea.cn/global/assets/navigation/images/bath-mats-20519.jpeg,rm001,2
rm001,"地毯, 门垫和地板",https://www.ikea.cn/cn/zh/images/products/vindebaek-wen-de-bai-chang-rong-di-tan-dan-mi-se__0994153_pe820884_s3.jpg,https://www.ikea.cn/global/assets/navigation/images/rugs-mats-flooring-rm001.jpeg,0,1
15937,食品收纳与储存罐,https://www.ikea.cn/cn/zh/images/products/pruta-pu-ta-shi-pin-he-17jian-tao-tou-ming-lu-se__0711382_pe728174_s3.jpg,https://www.ikea.cn/global/assets/navigation/images/food-storage-organising-15937.jpeg,kt001,2
18860,餐具,https://www.ikea.cn/cn/zh/images/products/oftast-ao-fu-ta-shen-pan-bai-se__0712360_pe728779_s3.jpg,https://www.ikea.cn/global/assets/navigation/images/dinnerware-18860.jpeg,kt001,2
16043,上菜用具,https://www.ikea.cn/cn/zh/images/products/fascinera-fa-xin-la-zhen-ban-xiang-si-mu__0956508_pe804692_s3.jpg,https://www.ikea.cn/global/assets/navigation/images/serveware-16043.jpeg,kt001,2
16044,咖啡和茶,https://www.ikea.cn/cn/zh/images/products/gladelig-ge-la-de-li-bei-lan-se__0986803_pe817327_s3.jpg,https://www.ikea.cn/global/assets/navigation/images/coffee-tea-16044.jpeg,kt001,2
20538,餐桌用纺织品,https://www.ikea.cn/cn/zh/images/products/anledning-ang-lai-ning-zhuo-bu-bai-se-hong-se__1036698_pe838489_s3.jpg,https://www.ikea.cn/global/assets/navigation/images/table-linen-20538.jpeg,kt001,2
kt003,锅具,https://www.ikea.cn/cn/zh/images/products/annons-a-na-si-chui-ju-5jian-tao-bo-li-bu-xiu-gang__43510_pe139263_s3.jpg,https://www.ikea.cn/global/assets/navigation/images/cookware-kt003.jpeg,kt001,2
18868,玻璃器皿和水壶,https://www.ikea.cn/cn/zh/images/products/karaff-qia-la-fu-can-yong-shui-ping-tou-ming-bo-li__0711268_pe728106_s3.jpg,https://www.ikea.cn/global/assets/navigation/images/glassware-jugs-18868.jpeg,kt001,2
kt002,烹饪用具和烘培工具,https://www.ikea.cn/cn/zh/images/products/gnarp-ge-na-pu-chu-ju-3jian-tao-hei-se__0711742_pe728431_s3.jpg,https://www.ikea.cn/global/assets/navigation/images/cooking-baking-utensils-kt002.jpeg,kt001,2
15938,洗碗用具,https://www.ikea.cn/cn/zh/images/products/antagen-an-da-gen-xi-wan-shua-duo-se__0713128_pe729273_s3.jpg,https://www.ikea.cn/global/assets/navigation/images/dishwashing-accessories-15938.jpeg,kt001,2
18865,刀叉餐具,https://www.ikea.cn/cn/zh/images/products/mopsig-mo-pu-si-ge-jin-shu-can-ju-16jian-tao__0578532_pe669393_s3.jpg,https://www.ikea.cn/global/assets/navigation/images/cutlery-18865.jpeg,kt001,2
15934,刀具和砧板,https://www.ikea.cn/cn/zh/images/products/legitim-lai-ji-di-zhen-ban-bai-se__0712856_pe729106_s3.jpg,https://www.ikea.cn/global/assets/navigation/images/knives-chopping-boards-15934.jpeg,kt001,2
20636,烘焙器具,https://www.ikea.cn/cn/zh/images/products/behoeva-bi-huo-wa-liang-hu-tou-ming-hui-se__0583499_pe671223_s3.jpg,https://www.ikea.cn/global/assets/navigation/images/bakeware-20636.jpeg,kt001,2
18850,厨房纺织品,https://www.ikea.cn/cn/zh/images/products/hildegun-xi-de-gen-wei-qun__0930017_pe790573_s3.jpg,https://www.ikea.cn/global/assets/navigation/images/kitchen-textiles-18850.jpeg,kt001,2
20560,餐巾纸和纸巾架,https://www.ikea.cn/cn/zh/images/products/varfest-wo-er-fei-si-can-jin-zhi-tu-an-dan-fen-hong-se-cheng-se__1028143_pe835253_s3.jpg,https://www.ikea.cn/global/assets/navigation/images/napkins-napkin-holders-20560.jpeg,kt001,2
18714,儿童厨具和餐具,https://www.ikea.cn/cn/zh/images/products/kalas-qia-la-si-bei-duo-se__0998019_pe822917_s3.jpg,https://www.ikea.cn/global/assets/navigation/images/childrens-kitchenware-tableware-18714.jpeg,kt001,2
42924,户外野餐,https://www.ikea.cn/cn/zh/images/products/fjaellmott-fu-ya-mo-ye-can-tan-shen-lu-se-hei-se__0933133_pe791755_s3.jpg,https://www.ikea.cn/global/assets/navigation/images/picnic-on-the-go-42924.jpeg,kt001,2
kt001,餐具和厨具,https://www.ikea.cn/cn/zh/images/products/oftast-ao-fu-ta-can-pan-bai-se__0713530_pe729595_s3.jpg,https://www.ikea.cn/global/assets/navigation/images/kitchenware-tableware-kt001.jpeg,0,1
pp003,植物和花,https://www.ikea.cn/cn/zh/images/products/philodendron-jin-zuan-pen-zai-zhi-wu__1026737_pe834497_s3.jpg,https://www.ikea.cn/global/assets/navigation/images/plants-flowers-pp003.jpeg,pp001,2
pp004,花盆,https://www.ikea.cn/cn/zh/images/products/brunbaer-bu-lun-bai-zhuang-shi-yong-hua-pen-he-pen-tuo-hu-wai-chan-pin-chi-tao__1033767_pe840266_s3.jpg,https://www.ikea.cn/global/assets/navigation/images/flower-pots-planters-pp004.jpeg,pp001,2
20494,植物支撑架和移动用具,https://www.ikea.cn/cn/zh/images/products/olivblad-ou-li-bu-la-zhi-wu-jia-shi-nei-hu-wai-hei-se__1010784_pe828333_s3.jpg,https://www.ikea.cn/global/assets/navigation/images/plant-stands-movers-20494.jpeg,pp001,2
24887,园艺配件,https://www.ikea.cn/cn/zh/images/products/chilipulver-qi-li-pu-wa-jiao-shui-gan-ying-qi-lu-se__0772315_pe755930_s3.jpg,https://www.ikea.cn/global/assets/navigation/images/growing-accessories-24887.jpeg,pp001,2
20493,浇水壶,https://www.ikea.cn/cn/zh/images/products/bittergurka-bi-gu-qia-sa-shui-hu-bai-se__0635846_pe697468_s3.jpg,https://www.ikea.cn/global/assets/navigation/images/watering-cans-20493.jpeg,pp001,2
pp001,花盆和植物,https://www.ikea.cn/cn/zh/images/products/socker-suo-ke-er-zhuang-shi-yong-hua-pen-shi-nei-hu-wai-dian-du__0638861_pe699217_s3.jpg,https://www.ikea.cn/global/assets/navigation/images/pots-plants-pp001.jpeg,0,1
700170,清洁晾晒组合柜,https://www.ikea.cn/cn/zh/images/products/enhet-an-na-te-xi-yi-lan-bai-se-hui-se-kuang-jia__1033090_pe837140_s3.jpg,https://www.ikea.cn/global/assets/navigation/images/laundry-furniture-sets-700170.jpeg,lc001,2
16213,废纸篓和储物袋,https://www.ikea.cn/cn/zh/images/products/goerbra-yong-bu-la-ta-ban-shi-la-ji-tong__0936559_pe793304_s3.jpg,https://www.ikea.cn/global/assets/navigation/images/waste-bins-bags-16213.jpeg,lc001,2
15938,洗碗用具,https://www.ikea.cn/cn/zh/images/products/antagen-an-da-gen-xi-wan-shua-duo-se__0713128_pe729273_s3.jpg,https://www.ikea.cn/global/assets/navigation/images/dishwashing-accessories-15938.jpeg,lc001,2
48925,清洁晾晒柜/搁架,https://www.ikea.cn/cn/zh/images/products/enhet-an-na-te-xi-yi-lan-bai-se-fang-xiang-mu__1033004_pe837086_s3.jpg,https://www.ikea.cn/global/assets/navigation/images/laundry-cabinets-shelves-48925.jpeg,lc001,2
20601,洗衣篮,https://www.ikea.cn/cn/zh/images/products/jaell-jia-er-dai-jia-xi-yi-yong-dai-bai-se__0711258_pe728096_s3.jpg,https://www.ikea.cn/global/assets/navigation/images/laundry-baskets-20601.jpeg,lc001,2
55004,洗衣配件,https://www.ikea.cn/cn/zh/images/products/slibb-si-li-bo-ying-mao-shua-dai-qu-zi-ca__0989996_pe818711_s3.jpg,https://www.ikea.cn/global/assets/navigation/images/laundry-accessories-55004.jpeg,lc001,2
20609,清洁配件,https://www.ikea.cn/cn/zh/images/products/pepprig-pei-pu-li-ge-wu-hen-tuo-ba-gua-gou__0967346_pe810101_s3.jpg,https://www.ikea.cn/global/assets/navigation/images/cleaning-accessories-20609.jpeg,lc001,2
20602,晾衣架,https://www.ikea.cn/cn/zh/images/products/mulig-mu-li-ge-liang-yi-jia-shi-nei-hu-wai-bai-se__0710880_pe727820_s3.jpg,https://www.ikea.cn/global/assets/navigation/images/drying-racks-20602.jpeg,lc001,2
20608,烫衣板,https://www.ikea.cn/cn/zh/images/products/daenka-dan-ke-tang-yi-ban__0710874_pe727814_s3.jpg,https://www.ikea.cn/global/assets/navigation/images/ironing-boards-20608.jpeg,lc001,2
18741,垃圾分类桶,https://www.ikea.cn/cn/zh/images/products/hallbar-ha-er-ba-la-ji-fen-lei-jie-jue-fang-an-gua-yong-yu-metod-mi-duo-chu-fang-chou-ti-you-tong-feng-zhuang-zhi-dan-hui-se__0761377_pe751242_s3.jpg,https://www.ikea.cn/global/assets/navigation/images/waste-sorting-18741.jpeg,lc001,2
lc001,清洁及晾晒用品,https://www.ikea.cn/cn/zh/images/products/fniss-fen-ni-si-la-ji-tong-bai-se__0711299_pe728137_s3.jpg,https://www.ikea.cn/global/assets/navigation/images/laundry-cleaning-lc001.jpeg,0,1
ka002,厨房电器,https://www.ikea.cn/cn/zh/images/products/tillreda-ti-rui-da-bian-xi-dian-ci-lu-dan-qu-bai-se__0965776_pe809603_s3.jpg,https://www.ikea.cn/global/assets/navigation/images/appliances-ka002.jpeg,he001,2
36812,智能照明,https://www.ikea.cn/cn/zh/images/products/tradfri-te-lu-fei-wu-xian-dong-tai-gan-ying-qi-bai-se__0725849_pe735071_s3.jpg,https://www.ikea.cn/global/assets/navigation/images/smart-lighting-36812.jpeg,he001,2
40845,电线和充电器,https://www.ikea.cn/cn/zh/images/products/livboj-li-fu-bo-yi-wu-xian-chong-dian-qi-hei-se__0716064_pe730680_s3.jpg,https://www.ikea.cn/global/assets/navigation/images/cables-chargers-40845.jpeg,he001,2
44531,电动卷帘,https://www.ikea.cn/cn/zh/images/products/kadrilj-qia-de-li-juan-lian-wu-xian-dian-chi-cao-zuo-hui-se__0595311_pe675962_s3.jpg,https://www.ikea.cn/global/assets/navigation/images/smart-electric-blinds-44531.jpeg,he001,2
40843,手机/平板配件,https://www.ikea.cn/cn/zh/images/products/yuppienalle-yu-pi-nai-shou-ji-zhi-jia-hui-se__1020769_pe831987_s3.jpg,https://www.ikea.cn/global/assets/navigation/images/mobile-tablet-accessories-40843.jpeg,he001,2
40842,扬声器,https://www.ikea.cn/cn/zh/images/products/vappeby-bian-xi-lan-ya-yin-xiang-bai-se__0672711_pe716806_s3.jpg,https://www.ikea.cn/global/assets/navigation/images/speakers-40842.jpeg,he001,2
49081,空气净化器和过滤器,https://www.ikea.cn/cn/zh/images/products/foernuftig-fei-nu-fu-ti-kong-qi-jing-hua-qi-hei-se__0832292_pe777643_s3.jpg,https://www.ikea.cn/global/assets/navigation/images/air-purifiers-accessories-49081.jpeg,he001,2
16195,电线整理和配件,https://www.ikea.cn/cn/zh/images/products/romma-luo-ma-dai-gai-dian-xian-shou-na-he-bai-se__0312916_pe516646_s3.jpg,https://www.ikea.cn/global/assets/navigation/images/cable-management-accessories-16195.jpeg,he001,2
53259,智能家居设备,https://www.ikea.cn/cn/zh/images/products/tradfri-te-lu-fei-wu-xian-kong-zhi-cha-zuo__0992246_pe819896_s3.jpg,https://www.ikea.cn/global/assets/navigation/images/smart-home-hub-controls-53259.jpeg,he001,2
he001,家用电子产品,https://www.ikea.cn/cn/zh/images/products/summera-sa-mo-la-chou-ti-cha-ru-jian-dai-6ge-mei-hei-se__0135809_pe292680_s3.jpg,https://www.ikea.cn/global/assets/navigation/images/home-electronics-he001.jpeg,0,1
55984,SKYTTA 斯基塔滑门系统,https://www.ikea.cn/cn/zh/images/products/hokksund-huo-ke-song-hua-men-kuang-mian-ban-4-jian-gao-guang-dan-hui-se__0749100_pe745477_s3.jpg,https://www.ikea.cn/global/assets/navigation/images/skytta-sliding-door-system-55984.jpeg,hi001,2
16298,拉手和拉钮,https://www.ikea.cn/cn/zh/images/products/gubbarp-gu-ba-pu-ba-shou-bai-se__0754252_pe747843_s3.jpg,https://www.ikea.cn/global/assets/navigation/images/knobs-handles-16298.jpeg,hi001,2
21957,户外地板,https://www.ikea.cn/cn/zh/images/products/runnen-lu-en-di-ban-shi-mian-hu-wai-zhao-he-se-qi__0709178_pe726855_s3.jpg,https://www.ikea.cn/global/assets/navigation/images/outdoor-flooring-21957.jpeg,hi001,2
16292,工具和安装件,https://www.ikea.cn/cn/zh/images/products/fixa-fei-ke-sha-dian-dong-luo-si-dao-dai-li-chi-zi-dian-chi__0711972_pe728600_s3.jpg,https://www.ikea.cn/global/assets/navigation/images/tools-fittings-16292.jpeg,hi001,2
46078,搬家用品,https://www.ikea.cn/cn/zh/images/products/frakta-fu-la-ta-bian-zhi-dai-da-lan-se__0711230_pe728075_s3.jpg,https://www.ikea.cn/global/assets/navigation/images/moving-supplies-46078.jpeg,hi001,2
19121,厨房墙面挡水板,https://www.ikea.cn/cn/zh/images/products/lysekil-lai-xi-ke-dang-shui-ban-shuang-mian-she-ji-la-si-tong-xiao-guo-bu-xiu-gang__1020010_pe831704_s3.jpg,https://www.ikea.cn/global/assets/navigation/images/kitchen-splashbacks-wall-panels-19121.jpeg,hi001,2
42948,护理油/着色剂/产品保养,https://www.ikea.cn/cn/zh/images/products/absorb-ai-bo-pi-liao-hu-li-ji__0371547_pe551106_s3.jpg,https://www.ikea.cn/global/assets/navigation/images/oils-stains-product-care-42948.jpeg,hi001,2
46077,降噪用品,https://www.ikea.cn/cn/zh/images/products/oddlaug-ao-de-lao-ge-shi-ban-hui-se__0737048_pe740868_s3.jpg,https://www.ikea.cn/global/assets/navigation/images/acoustic-panels-46077.jpeg,hi001,2
sp001,安全产品,https://www.ikea.cn/cn/zh/images/products/doppa-duo-pa-yu-gang-fang-hua-dian-dan-hui-se__0372006_pe553646_s3.jpg,https://www.ikea.cn/global/assets/navigation/images/safety-products-sp001.jpeg,hi001,2
hi001,家居修缮,https://www.ikea.cn/cn/zh/images/products/fixa-fei-ke-sha-ji-guang-shui-ping-yi__0711974_pe728602_s3.jpg,https://www.ikea.cn/global/assets/navigation/images/home-improvement-hi001.jpeg,0,1
49150,冬季照明,https://www.ikea.cn/cn/zh/images/products/strala-si-ji-la-tai-deng-zuo-bai-se__0461680_pe607654_s3.jpg,https://www.ikea.cn/global/assets/navigation/images/holiday-lights-49150.jpeg,wt001,2
49151,冬季花盆和绿植,https://www.ikea.cn/cn/zh/images/products/vinter-2021-wen-te-2021-hua-huan-shou-gong-zhi-zuo-zi-ran-se__0986115_pe817050_s3.jpg,https://www.ikea.cn/global/assets/navigation/images/holiday-pots-plants-49151.jpeg,wt001,2
49149,冬季装饰,https://www.ikea.cn/cn/zh/images/products/enrum-en-lu-mu-diao-gua-zhu-tai-shi-nei-hu-wai-hong-se__0888812_pe782189_s3.jpg,https://www.ikea.cn/global/assets/navigation/images/christmas-decoration-49149.jpeg,wt001,2
25228,包装纸、礼品袋和配件,https://www.ikea.cn/cn/zh/images/products/kroesamos-ke-luo-sa-mo-biao-qian-24-jian-tao-duo-se__1080789_pe858183_s3.jpg,https://www.ikea.cn/global/assets/navigation/images/wrapping-paper-gift-bags-accessories-25228.jpeg,wt001,2
49152,冬季纺织品,https://www.ikea.cn/cn/zh/images/products/toftlund-tuo-fu-lun-di-tan-hui-se__0834498_pe778811_s3.jpg,https://www.ikea.cn/global/assets/navigation/images/holiday-textiles-49152.jpeg,wt001,2
49153,冬季餐具,https://www.ikea.cn/cn/zh/images/products/vinterfint-yun-fen-te-zhuo-bu-hong-se__0828512_pe776619_s3.jpg,https://www.ikea.cn/global/assets/navigation/images/holiday-tableware-49153.jpeg,wt001,2
49154,冬季烹饪和烘焙,https://www.ikea.cn/cn/zh/images/products/klockren-ke-luo-ke-lun-shuang-ceng-zhu-ti__0791029_pe764485_s3.jpg,https://www.ikea.cn/global/assets/navigation/images/holiday-cooking-baking-49154.jpeg,wt001,2
wt001,冬季节日,https://www.ikea.cn/cn/zh/images/products/krustader-nai-su-dan-tuo__0449335_pe598795_s3.jpg,https://www.ikea.cn/global/assets/navigation/images/winter-holidays-wt001.jpeg,0,1
